source,author,title,description,url,urlToImage,publishedAt,content,source_name
"{'id': 'reuters', 'name': 'Reuters'}",,Remainers seek voice in UK's post-Brexit cacophony - Reuters,"UK Remainers may take a crumb of comfort as Prime Minister Boris Johnson, elected on a promise to ""Get Brexit Done"", sees his poll support dive after a string of scandals.",https://www.reuters.com/world/uk/remainers-seek-voice-uks-post-brexit-cacophony-2021-12-14/,https://www.reuters.com/resizer/RVzvlxzqhBZIblS0THGKZUuwR-o=/1200x628/smart/filters:quality(80)/cloudfront-us-east-2.images.arcpublishing.com/reuters/5ZJEWIYHXJI43JQT7FD4JN4TCI.jpg,2021-12-14T07:11:00Z,"LONDON, Dec 14 (Reuters) - UK Remainers may take a crumb of comfort as Prime Minister Boris Johnson, elected on a promise to ""Get Brexit Done"", sees his poll support dive after a string of scandals.… [+5067 chars]",Reuters
"{'id': None, 'name': 'New York Times'}",Tanya Gold,"Boris Johnson, Facing Omicron and Scandal, Is in Trouble","Britons don’t know whether the prime minister can save himself, let alone Christmas.",https://www.nytimes.com/2021/12/14/opinion/boris-johnson-britain-omicron.html,https://static01.nyt.com/images/2021/12/14/multimedia/14gold_2/14gold_2-facebookJumbo.jpg,2021-12-14T06:00:05Z,"There is every sign that the spell Mr. Johnson cast over the country is cracking, that people are waking up to the truth of him. The latest polls show the Conservative Party sliding to second place w… [+2337 chars]",New York Times
"{'id': None, 'name': 'The Guardian'}",Daniel Boffey in Brussels,France drops threat of trade war over post-Brexit fishing rights,Macron government backs down after UK and Channel Islands governments agree to more licencesFrance has quietly dropped its threat of a trade war over post-Brexit access to fishing waters after the UK and Channel Islands governments agreed to issue 83 more ope…,https://amp.theguardian.com/environment/2021/dec/12/france-drops-threat-of-trade-war-over-post-brexit-fishing-rights,https://i.guim.co.uk/img/media/22eb068b0afb88cc5a05e12009d4a1ddceda419b/0_440_8640_5184/master/8640.jpg?width=1200&height=630&quality=85&auto=format&fit=crop&overlay-align=bottom%2Cleft&overlay-width=100p&overlay-base64=L2ltZy9zdGF0aWMvb3ZlcmxheXMvdGctZGVmYXVsdC5wbmc&enable=upscale&s=5ed80af5694dc29729fbb72acf648009,2021-12-12T15:00:25Z,France has quietly dropped its threat of a trade war over post-Brexit access to fishing waters after the UK and Channel Islands governments agreed to issue 83 more operating licences before an EU dea… [+2825 chars],The Guardian
"{'id': None, 'name': 'The Guardian'}",Rob Davies,A third of UK importers not ready for full Brexit customs checks – survey,"IoD warns a lack of preparedness will exacerbate port congestion as grace period ends in JanuaryNearly a third of British companies that import goods from the EU are “not at all prepared” for full post-Brexit customs checks, according to a survey of business …",https://amp.theguardian.com/business/2021/dec/13/a-third-of-uk-importers-not-ready-for-full-brexit-customs-checks-survey,https://i.guim.co.uk/img/media/c250acab4faccbdadfc3f8bbc989ffd0bed4a07c/0_278_5568_3341/master/5568.jpg?width=1200&height=630&quality=85&auto=format&fit=crop&overlay-align=bottom%2Cleft&overlay-width=100p&overlay-base64=L2ltZy9zdGF0aWMvb3ZlcmxheXMvdGctZGVmYXVsdC5wbmc&enable=upscale&s=fa8ff0709e15806e07585ed570200885,2021-12-13T17:17:37Z,"Nearly a third of British companies that import goods from the EU are not at all prepared for full post-Brexit customs checks, according to a survey of business leaders, sparking fears of increased c… [+2515 chars]",The Guardian
"{'id': None, 'name': 'The Guardian'}",James Tapper,‘He’s clueless’: faith in Boris Johnson wavers in Tory stronghold Margate,"Doubts about the prime minister’s ability are even being voiced among Conservative voters in pro-Brexit ThanetThe citizens of Margate, wrote TS Eliot, were “humble people who expect nothing”. That seems to include their expectations of prime minister Boris Jo…",https://amp.theguardian.com/politics/2021/dec/12/hes-clueless-faith-in-boris-johnson-wavers-in-tory-stronghold-margate,https://i.guim.co.uk/img/media/d78c3ee23a7b3a437b7663ff0d755dcba7fc4bef/0_360_6720_4032/master/6720.jpg?width=1200&height=630&quality=85&auto=format&fit=crop&overlay-align=bottom%2Cleft&overlay-width=100p&overlay-base64=L2ltZy9zdGF0aWMvb3ZlcmxheXMvdG8tZGVmYXVsdC5wbmc&enable=upscale&s=d7322834126f8735f9f769fe764967e0,2021-12-12T07:45:32Z,"The citizens of Margate, wrote TS Eliot, were humble people who expect nothing. That seems to include their expectations of prime minister Boris Johnson.
After weeks of revelations about lockdown Ch… [+5092 chars]",The Guardian
"{'id': 'reuters', 'name': 'Reuters'}",,IMF urges UK to give non-banks access to liquidity in market crises - Reuters,"Britain should consider giving 'non-banks' access to its repurchase agreements and government bond operations as a source of liquidity in stressed markets, the International Monetary Fund recommended on Tuesday.",https://www.reuters.com/markets/europe/imf-urges-uk-give-non-banks-access-liquidity-market-crises-2021-12-14/,https://www.reuters.com/resizer/O3oNdNG6rhozprL6ptTtkCIG4bM=/1200x628/smart/filters:quality(80)/cloudfront-us-east-2.images.arcpublishing.com/reuters/AS4WJN4QDNLN3IYVUFVAG2CEVY.jpg,2021-12-14T12:00:00Z,"LONDON, Dec 14 (Reuters) - Britain should consider giving 'non-banks' access to its repurchase agreements and government bond operations as a source of liquidity in stressed markets, the Internationa… [+2199 chars]",Reuters
"{'id': None, 'name': 'The Guardian'}",Guardian Staff,Local councils have been undermined | Letters,"Regional democracy in England should be brought into line with the other UK nations – but no more mayors pleasePhillip Inman’s article on the dire state of local government finances sheds a light on what has been going on for decades, something I witnessed as…",https://amp.theguardian.com/theobserver/commentisfree/2021/dec/12/observer-letters-local-councils-have-been-emasculated,https://i.guim.co.uk/img/media/35bfc09ae2a4fae00ae41494ba9e51fa0a62dc4e/0_105_5616_3370/master/5616.jpg?width=1200&height=630&quality=85&auto=format&fit=crop&overlay-align=bottom%2Cleft&overlay-width=100p&overlay-base64=L2ltZy9zdGF0aWMvb3ZlcmxheXMvdG8tZGVmYXVsdC5wbmc&enable=upscale&s=b80931b0d26414161ccf390e53f6b7a2,2021-12-12T06:00:30Z,"Phillip Inmans article on the dire state of local government finances sheds a light on what has been going on for decades, something I witnessed as a councillor on various authorities between 1987 an… [+5469 chars]",The Guardian
"{'id': None, 'name': 'The Guardian'}",Erica Jeal,L’Enfance du Christ review – characterful and vivid Berlioz,"St Martin-in-the-Fields, LondonThe Christmas oratorio about the holy family’s flight into Egypt was beautifully performed by John Eliot Gardiner’s Monteverdi Choir and Orchestre Révolutionnaire et Romantique and a top-flight cast of soloistsA stone’s throw fr…",https://amp.theguardian.com/music/2021/dec/13/berlioz-lenfance-du-christ-review-john-eliot-gardiner-monteverdi-choir-st-martin-in-the-fields,https://i.guim.co.uk/img/media/9f95ba41768e7f1f59d05eb10cfe51f8bbcbb16d/0_176_4108_2465/master/4108.jpg?width=1200&height=630&quality=85&auto=format&fit=crop&overlay-align=bottom%2Cleft&overlay-width=100p&overlay-base64=L2ltZy9zdGF0aWMvb3ZlcmxheXMvdGctcmV2aWV3LTQucG5n&enable=upscale&s=cf177b2258073a6c5f93031e92e33ad7,2021-12-13T06:00:06Z,"A stones throw from the church of St Martin-in-the-Fields, in the National Gallery, you can see what the old Flemish painters made of the story of the holy familys flight into Egypt, Here, with John … [+2487 chars]",The Guardian
"{'id': 'reuters', 'name': 'Reuters'}",,Billionaire Drahi plays the long game at BT - Reuters,"Patrick Drahi is playing the long game at BT <a href=""https://www.reuters.com/companies/BT.L"" target=""_blank"">(BT.L)</a>. The Franco-Israeli billionaire <a href=""https://investegate.co.uk/altice-uk-s.a-r.l./rns/statement-regarding-bt-group-plc/202112140700065…",https://www.reuters.com/breakingviews/billionaire-drahi-plays-long-game-bt-2021-12-14/,https://www.reuters.com/resizer/KF_niYJYzvykXSvDDwMEhbByVi8=/1200x628/smart/filters:quality(80)/cloudfront-us-east-2.images.arcpublishing.com/reuters/XHQBUUYTQFJETN7KZ3O5YD7SHM.jpg,2021-12-14T12:06:00Z,"LONDON, Dec 14 (Reuters Breakingviews) - Patrick Drahi is playing the long game at BT (BT.L). The Franco-Israeli billionaire says he doesnt want to buy the 17 billion pound UK telecoms group; increas… [+3710 chars]",Reuters
"{'id': 'reuters', 'name': 'Reuters'}",,Explainer: Can joint gas buying tackle Europe's high prices? - Reuters,"The European Union is expected to propose a system this week to allow countries to jointly buy strategic stocks of gas, a measure drawn up in response to soaring energy prices.<a href=""/markets/commodities/eu-propose-joint-gas-buying-response-high-energy-pric…",https://www.reuters.com/markets/commodities/can-joint-gas-buying-tackle-europes-high-prices-2021-12-13/,https://www.reuters.com/pf/resources/images/reuters/reuters-default.png?d=63,2021-12-13T14:40:00Z,"BRUSSELS/LONDON, Dec 13 (Reuters) - The European Union is expected to propose a system this week to allow countries to jointly buy strategic stocks of gas, a measure drawn up in response to soaring e… [+4907 chars]",Reuters
"{'id': 'bloomberg', 'name': 'Bloomberg'}",Philip Aldrick,U.K. Took 12.6 Billion Brexit Hit on Trade in October,U.K. trade in goods took a 12.6 billion pound ($16.7 billion) hit from Brexit in October as imports and exports fell behind equivalent countries.,https://www.bloomberg.com/news/articles/2021-12-13/u-k-takes-16-7-billion-brexit-hit-on-trade-in-october,https://assets.bwbx.io/images/users/iqjWHBFdfxIU/iEv2_np.wRWU/v0/1200x766.jpg,2021-12-13T15:12:55Z,"Follow us at 
@BloombergUK for the latest news and analysis.
U.K. trade in goods took a 12.6 billion pound ($16.7 billion) hit from Brexit in October as imports and exports fell behind equivalent c… [+954 chars]",Bloomberg
"{'id': None, 'name': 'The Guardian'}",Toby Helm,Obama gives tips to Starmer and Lammy on how Labour can regain ‘winning ways’,"Opposition leader and shadow foreign secretary talk strategy with key Washington figures, saying US election holds ‘stark lessons’Keir Starmer and the new shadow foreign secretary David Lammy held two hours of private talks with former US president Barack Oba…",https://amp.theguardian.com/politics/2021/dec/12/barack-obama-gives-tips-to-keir-starmer-and-david-lammy-on-how-labour-can-regain-winning-ways,https://i.guim.co.uk/img/media/0fbed2b25e237f4d3f8936850fc6f4a4a5d5062b/0_116_2030_1219/master/2030.jpg?width=1200&height=630&quality=85&auto=format&fit=crop&overlay-align=bottom%2Cleft&overlay-width=100p&overlay-base64=L2ltZy9zdGF0aWMvb3ZlcmxheXMvdG8tZGVmYXVsdC5wbmc&enable=upscale&s=711f0958cf724ec304427b17b5e35523,2021-12-12T08:45:33Z,Keir Starmer and the new shadow foreign secretary David Lammy held two hours of private talks with former US president Barack Obama last week about how centre-left parties can return to power amid ne… [+5551 chars],The Guardian
"{'id': None, 'name': 'Dezeen'}",Amy Frearson,"Furniture brands raise prices due to ""excessive rise"" in cost of materials and transport","Leading furniture and homeware brands including IKEA, Piet Hein Eek and Axor are raising prices by up to eight per cent due to global shipping issues and material shortages. Read more",http://www.dezeen.com/2021/12/13/furniture-brands-price-increase-supply-chain-issues/,https://static.dezeen.com/uploads/2021/12/furniture-brands-price-increase-materials-square_dezeen_2364_col_0-1024x1024.jpg,2021-12-13T14:00:44Z,"Leading furniture and homeware brands including IKEA, Piet Hein Eek and Axor are raising prices by up to eight per cent due to global shipping issues and material shortages.
Brands are blaming ""expo… [+4964 chars]",Dezeen
"{'id': None, 'name': 'Deadline'}",Max Goldbart,BBC Studios Takes Full Control Of ‘Brexit: The Uncivil War’ And ‘Sherwood’ Producer House Productions,"BBC Studios has taken full control of Tessa Ross and Juliette Howell’s prolific Sherwood and Brexit: The Uncivil War producer House Productions. The BBC’s commercial arm has upped its stake in the London indie from 25% to full control, similar to the relation…",https://deadline.com/2021/12/bbc-studios-full-control-brexit-producer-house-productions-1234890050/,https://deadline.com/wp-content/uploads/2021/12/House-Productions-Juliette-Howell-and-Tessa-Ross.jpg?w=1024,2021-12-14T09:30:10Z,"BBC Studios has taken full control of Tessa Ross and Juliette Howell’s prolific Sherwood and Brexit: The Uncivil War producer House Productions.
The BBC’s commercial arm has upped its stake in the L… [+1578 chars]",Deadline
"{'id': None, 'name': 'Euronews'}",,"Brexit-voting areas of UK have highest COVID-19 death rate, study finds",New research suggests that people who voted Brexit are far more susceptible to anti-vax sentiment.,https://www.euronews.com/2021/12/14/brexit-voting-areas-of-uk-have-highest-covid-19-death-rate-study-finds,https://static.euronews.com/articles/stories/06/04/27/52/1000x563_cmsv2_ae6df499-ab53-54a6-b8b4-37f1ba0d1257-6042752.jpg,2021-12-14T10:20:17Z,"COVID-19 is killing a high proportion of people in regions of the UK that voted for Brexit in the 2016 referendum, a new report has claimed.
Research by Ludovic Phalippou of the University of Oxford… [+4422 chars]",Euronews
"{'id': None, 'name': 'The Guardian'}",William Keegan,"Fighting byelections or Brexit, the rule is the same: don’t give up","Voters can spring surprises at any time. This is not a time for Remainers to despair. It is never time for thatDuring the closing stages of Margaret Thatcher’s premiership, I said to the Conservative MP John Biffen: “I think Mrs Thatcher must be suffering.”Th…",https://amp.theguardian.com/business/2021/dec/12/fighting-byelections-or-brexit-the-rule-is-the-same-dont-give-up,https://i.guim.co.uk/img/media/fdf4dc6b33b89183e08e31d9645bde633dcbd0a3/0_0_6000_3600/master/6000.jpg?width=1200&height=630&quality=85&auto=format&fit=crop&overlay-align=bottom%2Cleft&overlay-width=100p&overlay-base64=L2ltZy9zdGF0aWMvb3ZlcmxheXMvdG8tb3BpbmlvbnMucG5n&enable=upscale&s=f61e337307852ed2075f5c79dd02fdc8,2021-12-12T07:00:32Z,"During the closing stages of Margaret Thatchers premiership, I said to the Conservative MP John Biffen: I think Mrs Thatcher must be suffering.
This was surprising, coming from such a long-term crit… [+4369 chars]",The Guardian
"{'id': 'the-next-web', 'name': 'The Next Web'}",The Conversation,We invited an AI to debate its own ethics in the Oxford Union — what it said was startling,Not a day passes without a fascinating snippet on the ethical challenges created by “black box” artificial intelligence systems. These use machine learning to figure out patterns within data and make decisions – often without a human giving them any moral bas…,https://thenextweb.com/news/ai-debate-its-own-ethics,https://img-cdn.tnwcdn.com/image/neural?filter_last=1&fit=1280%2C640&url=https%3A%2F%2Fcdn0.tnwcdn.com%2Fwp-content%2Fblogs.dir%2F1%2Ffiles%2F2021%2F03%2Frobot.jpg&signature=3e919487a34432e6e3ccbdb23e1b6f03,2021-12-12T15:00:22Z,Not a day passes without a fascinating snippet on the ethical challenges created by black box artificial intelligence systems. These use machine learning to figure out patterns within data and make d… [+7794 chars],The Next Web
"{'id': None, 'name': 'Theregister.com'}",Lindsay Clark,"UK government has 'no clear plan' for replacing ageing legacy IT estate, MPs report","Police National Computer, customs rig and more fingered in PAC report
UK government has ""no clear plan"" to set out how it will replace ageing legacy systems vital for the operation of the public sector, despite some systems dating back to the 1970s, according…",https://www.theregister.com/2021/12/13/uk_government_has_no_clear/,https://regmedia.co.uk/2021/12/13/shutterstock_old_pc.jpg,2021-12-13T16:05:09Z,"UK government has ""no clear plan"" to set out how it will replace ageing legacy systems vital for the operation of the public sector, despite some systems dating back to the 1970s, according to a comm… [+2819 chars]",Theregister.com
"{'id': 'bloomberg', 'name': 'Bloomberg'}","Enda Curran, Maeva Cousin, Tom Orlik",What Could Go Wrong?,"Hello. Today we look at the hurdles ahead for the world economy in 2022, this week’s 20 central bank meetings and the benefits of investing in Lego.",https://www.bloomberg.com/news/newsletters/2021-12-13/what-s-happening-in-the-world-economy-the-potential-shocks-of-2022,https://assets.bwbx.io/images/users/iqjWHBFdfxIU/iLogmhK3NkOc/v0/1200x808.jpg,2021-12-13T12:00:09Z,"Hello. Today we look at the hurdles ahead for the world economy in 2022, this weeks 20 central bank meetings and the benefits of investing in Lego. 
Glass Half Full
Omicron, sticky inflation, Fed l… [+4622 chars]",Bloomberg
"{'id': None, 'name': 'The Quietus'}",Daniel Dylan Wray,A Fucking Nightmare: DIY Artists On Living With Post Brexit EU Rules,"Daniel Dylan Wray talks to numerous DIY label bosses, store owners and DIY artists about a specific, career wrecking aspect of Brexit",https://thequietus.com/articles/30953-eu-customs-diy-music-uk-brexit,http://s3.amazonaws.com/quietus_production/images/articles/30953/flag-1198978_1920_1639465588.jpeg,2021-12-13T10:23:49Z,"Daniel Dylan Wray talks to numerous DIY label bosses, store owners and DIY artists about a specific, career wrecking aspect of Brexit
Honestly, it's been a fucking nightmare, says Natalie Judge of t… [+16200 chars]",The Quietus
"{'id': 'bloomberg', 'name': 'Bloomberg'}","Tom Orlik, Maeva Cousin, Enda Curran",What Could Possibly Go Wrong? These Are the Biggest Economic Risks for 2022,"Economists have struggled to see ahead in the pandemic. They’re upbeat about next year, but could easily get blindsided again",https://www.bloomberg.com/news/articles/2021-12-13/omicron-inflation-evergrande-10-biggest-risks-to-the-global-economy-in-2022,https://assets.bwbx.io/images/users/iqjWHBFdfxIU/isN4Z2db8zVc/v1/1200x800.jpg,2021-12-13T05:01:19Z,"Sign up for the New Economy Daily newsletter, follow us @economics and subscribe to our podcast.
The Covid years are littered with predictions that didnt work out. For anyone looking ahead into 2022… [+12456 chars]",Bloomberg
"{'id': None, 'name': 'Livemint'}",Bloomberg,What Could Possibly Go Wrong? Biggest Economic Risks '22...,"What Could Possibly Go Wrong? Biggest Economic Risks '22...

 
 
 
 (Second column, 2nd story, link)

 

 

 
 Related stories:Bonds Flash Policy Danger...
Inflation pros from Argentina offer tips for rattled Americans...",https://www.livemint.com/economy/what-could-possibly-go-wrong-these-are-the-biggest-economic-risks-for-2022-11639376012236.html,https://images.livemint.com/img/2021/12/13/600x338/omicron_1638155507681_1639376459025.jpg,2021-12-13T14:31:44Z,"The Covid years are littered with predictions that didnt work out. For anyone looking ahead into 2022, that should be enough to give pause.
Most forecasters, including Bloomberg Economics, have as t… [+10072 chars]",Livemint
"{'id': 'independent', 'name': 'Independent'}",Patrick Daly,‘Significant gaps’ becomes 2021 Brexit buzzword as EU exit continues to ripple,Rows over the Northern Ireland Protocol and fishing rights have rumbled on throughout the year.,https://www.independent.co.uk/news/uk/brexit-northern-ireland-boris-johnson-ursula-von-der-leyen-france-b1974756.html,https://static.independent.co.uk/2021/12/13/02/cd7e95fc8e3c4cfe95a5ba46891997e8Y29udGVudHNlYXJjaGFwaSwxNjM5NDQ1MTA5-2.40886183.jpg?width=1200&auto=webp&quality=75,2021-12-13T02:45:37Z,"Those hoping the introduction of a free trade deal between the UK and the European Union on January 1 would mark the end of the Brexit discussion would find themselves sorely disappointed in 2021.
R… [+3969 chars]",Independent
"{'id': None, 'name': 'Thedailymash.co.uk'}",The Daily Mash,Man would love to have even a trace level of toxic masculinity,"A MAN lacking all toxic, stereotypically male attributes would not mind having just a hint of them, he has admitted.",https://www.thedailymash.co.uk/news/lifestyle/man-would-love-to-have-even-a-trace-level-of-toxic-masculinity-20211213215221,https://cdn.thedailymash.co.uk/wp-content/uploads/20211213095251/sensitive-man-667x375-1.jpg,2021-12-13T10:03:55Z,"TO win an election, Labour leader Keir Starmer must get the support of these key demographics: 
Your uncle who hates litter
Theres Brexit, theres climate change, theres rocketing inflation and then… [+1675 chars]",Thedailymash.co.uk
"{'id': None, 'name': 'Thedailymash.co.uk'}",The Daily Mash,"Your uncle who wants something done about litter, and four other key voters Keir Starmer must win over","TO win an election, Labour leader Keir Starmer must get the support of these key demographics.",https://www.thedailymash.co.uk/politics/your-uncle-who-wants-something-done-about-litter-and-four-other-key-voters-keir-starmer-must-win-over-20211213215218,https://cdn.thedailymash.co.uk/wp-content/uploads/20211213074608/keir-starmer-667x375-1-1.jpg,2021-12-13T09:00:15Z,"TO win an election, Labour leader Keir Starmer must get the support of these key demographics: 
Your uncle who hates litter
Theres Brexit, theres climate change, theres rocketing inflation and then… [+1675 chars]",Thedailymash.co.uk
"{'id': 'independent', 'name': 'Independent'}",Rebecca Black,DUP threat to walk away from Stormont ‘reckless’ – O’Neill,The deputy First Minister accused the DUP of ‘playing politics’ with the Good Friday Agreement institutions.,https://www.independent.co.uk/news/uk/dup-stormont-brexit-government-ireland-b1975237.html,https://static.independent.co.uk/2021/12/13/16/2b1f39fda5c6e3c2c86154e4f2792275Y29udGVudHNlYXJjaGFwaSwxNjM5NDk4NDUz-2.63772160.jpg?width=1200&auto=webp&quality=75,2021-12-13T16:40:43Z,"Northern Irelands deputy First Minister has slammed the DUP as reckless over a threat to walk away from devolved government over the Brexit protocol.
DUP leader Sir Jeffrey Donaldson reiterated his … [+1249 chars]",Independent
"{'id': None, 'name': 'Juancole.com'}",The Conversation,The West must cut a deal with the Taliban to prevent mass starvation in Afghanistan,"By Louise Grogan | - ( The Conversation) - The lack of food security in Afghanistan may soon become a threat to the stability of many other countries. Without a radical change of western policy towards the Taliban, millions of people will make their way to an…",https://www.juancole.com/2021/12/taliban-starvation-afghanistan.html,,2021-12-12T05:06:00Z,"By Louise Grogan | –
( The Conversation) – The lack of food security in Afghanistan may soon become a threat to the stability of many other countries. 
Without a radical change of western policy to… [+6503 chars]",Juancole.com
"{'id': None, 'name': 'Daily Mail'}",Lord Ashcroft,LORD ASHCROFT: Unionists can cheer now - but here are five reasons their joy may be short-lived,LORD ASHCROFT: The news that Northern Ireland voters would choose to stay in the UK is a welcome Christmas gift for Unionists.,https://www.dailymail.co.uk/debate/article-10300505/LORD-ASHCROFT-Unionists-cheer-five-reasons-joy-short-lived.html,https://i.dailymail.co.uk/1s/2021/12/12/00/51219029-0-image-a-50_1639267490546.jpg,2021-12-12T00:08:05Z,The news that Northern Ireland voters would choose to stay in the UK by a majority of 54 per cent to 46 per cent excluding those undecided is a welcome early Christmas gift for Unionists. In a simila… [+5686 chars],Daily Mail
"{'id': 'bloomberg', 'name': 'Bloomberg'}",Rich Miller,The Fed's Worst Ever Call?,"Hello. Today we look at how the Fed’s 2021 inflation call stacks up historically, the outlook for Asia’s economies and the lack of fallout from the U.S.-China trade war.",https://www.bloomberg.com/news/newsletters/2021-12-14/what-s-happening-in-the-world-economy-fact-checking-the-fed-s-inflation-call,https://assets.bwbx.io/images/users/iqjWHBFdfxIU/if4x_n_.vEi8/v0/1200x800.jpg,2021-12-14T12:00:20Z,"Hello. Today we look at how the Feds 2021 inflation call stacks up historically, the outlook for Asias economies and the lack of fallout from the U.S.-China trade war.
Weve Seen Worse
With U.S. inf… [+5299 chars]",Bloomberg
"{'id': 'bloomberg', 'name': 'Bloomberg'}",Ana Monteiro,U.S. Harbor Truckers Say West Coast Port Congestion Is Worsening,Gauging whether the logjams at the U.S.’s busiest gateway for trade are improving or not depends who you ask.,https://www.bloomberg.com/news/newsletters/2021-12-13/supply-chain-latest-u-s-truckers-say-west-coast-port-logjams-worsen,https://assets.bwbx.io/images/users/iqjWHBFdfxIU/iyMOXQK28NHs/v0/1200x800.jpg,2021-12-13T12:00:17Z,"Gauging whether the logjams at the U.S.s busiest gateway for trade are improving or not depends who you ask.
Port of Los Angeles Executive Director Gene Seroka on Friday said the number of aging con… [+5668 chars]",Bloomberg
"{'id': 'bloomberg', 'name': 'Bloomberg'}",Nikos Chrysoloras,EU Enters Summit Week With Cautious Optimism: Brussels Edition,"Welcome to the Brussels Edition, Bloomberg’s daily briefing on what matters most in the heart of the European Union.",https://www.bloomberg.com/news/newsletters/2021-12-13/eu-enters-summit-week-with-cautious-optimism-brussels-edition,https://assets.bwbx.io/images/users/iqjWHBFdfxIU/ig0PccJnC48I/v0/1200x661.jpg,2021-12-13T05:48:27Z,"Welcome to the Brussels Edition, Bloombergs daily briefing on what matters most in the heart of the European Union.
EU leaders meet this week, and theres cause for cautious optimism on the pandemic … [+5001 chars]",Bloomberg
"{'id': 'independent', 'name': 'Independent'}",Richard Wheeler,MPs back new subsidy law aimed at ‘unlocking potential’ across UK,"Kwasi Kwarteng said measures contained within the Subsidy Control Bill will develop skills, infrastructure and new technologies.",https://www.independent.co.uk/news/uk/kwasi-kwarteng-government-mps-bill-jonathan-reynolds-b1975431.html,https://static.independent.co.uk/2021/12/13/22/cf1d5d2fedb24ffc0dd1380ac0cf2514Y29udGVudHNlYXJjaGFwaSwxNjM5NTE4NTEw-2.64184072.jpg?width=1200&auto=webp&quality=75,2021-12-13T21:53:55Z,"Post-Brexit moves to replace EU state aid rules will help unlock potential across the UK, according to the Business Secretary.
Kwasi Kwarteng said measures contained within the Subsidy Control Bill … [+3732 chars]",Independent
"{'id': 'bbc-news', 'name': 'BBC News'}",https://www.facebook.com/bbcnews,"Half of UK families £110 a year worse off since 2019, report says",Study by the New Economics Foundation suggests the income gap has widened since the General Election.,https://www.bbc.co.uk/news/business-59629709,https://ichef.bbci.co.uk/news/1024/branded_news/15D00/production/_120744398_gettyimages-1207515909.jpg,2021-12-13T05:31:22Z,"Image source, Getty Images
New analysis suggests that half of UK families have seen their disposable incomes shrink in the last two years.
A report by a left-of-centre think tank shows that the poo… [+2565 chars]",BBC News
"{'id': None, 'name': 'Phys.Org'}",Science X staff,Solar parks could boost bumble bee numbers in a win-win for nature,"New research shows that simple changes to how UK solar parks are managed could boost ground nesting bumble bee populations in the parks and surrounding areas, providing an additional benefit on top of renewable energy.",https://phys.org/news/2021-12-solar-boost-bumble-bee-win-win.html,https://scx2.b-cdn.net/gfx/news/hires/2021/solar-parks-could-boos.jpg,2021-12-13T10:44:04Z,"New research shows that simple changes to how UK solar parks are managed could boost ground nesting bumble bee populations in the parks and surrounding areas, providing an additional benefit on top o… [+4812 chars]",Phys.Org
"{'id': None, 'name': 'The Guardian'}",Alex von Tunzelmann,Do we need a national story?,Patriotic tales are easy enough to debunk. That doesn’t make them irrelevantWe’ve heard much about the importance of stories in recent years. It has been said that Vote Leave won the Brexit referendum because they told a better story than Remain; that Donald …,https://amp.theguardian.com/books/2021/dec/13/do-we-need-a-national-story,https://i.guim.co.uk/img/media/db0fbccf51054a620d7609268446f53859b3b01c/0_30_1847_1108/master/1847.jpg?width=1200&height=630&quality=85&auto=format&fit=crop&overlay-align=bottom%2Cleft&overlay-width=100p&overlay-base64=L2ltZy9zdGF0aWMvb3ZlcmxheXMvdGctZGVmYXVsdC5wbmc&enable=upscale&s=805cba86e37d9466dfc3f77fd73acffe,2021-12-13T09:00:04Z,Weve heard much about the importance of stories in recent years. It has been said that Vote Leave won the Brexit referendum because they told a better story than Remain; that Donald Trump won the US … [+6742 chars],The Guardian
"{'id': None, 'name': 'Yahoo Entertainment'}",Mark John and Andrew MacAskill,Remainers seek voice in UK's post-Brexit cacophony,"UK Remainers may take a crumb of comfort as Prime Minister Boris Johnson, elected on a promise to ""Get Brexit Done"", sees his poll support dive after a...",https://finance.yahoo.com/news/remainers-seek-voice-uks-post-070000664.html,https://s.yimg.com/cv/apiv2/social/images/yahoo_default_logo-1200x1200.png,2021-12-14T07:00:00Z,"* Pandemic, Johnson woes drown out Brexit debate
* Remain camp fragmented across several parties
* Brexit identities add to political volatility
By Mark John and Andrew MacAskill
LONDON, Dec 14 (… [+5099 chars]",Yahoo Entertainment
"{'id': None, 'name': 'TheWrap'}",Steve Pond,"Kenneth Branagh on How the Story of ‘Belfast’ Echoes Today, From Brexit to Washington","This story about “Belfast” first appeared in the Race Begins issue of TheWrap’s awards magazine. 



Directors have been exploring their childhood memories on screen for decades, and the honor roll of notable films that have come from that exploration ranges …",http://www.thewrap.com/kenneth-branagh-belfast-jamie-dornan-caitriona-balfe/,https://www.thewrap.com/wp-content/uploads/2021/12/Caitriona-Balfe-in-Belfast.jpg,2021-12-13T16:15:00Z,"This story about “Belfast” first appeared in the Race Begins issue of TheWrap’s awards magazine. 
Directors have been exploring their childhood memories on screen for decades, and the honor roll of … [+12700 chars]",TheWrap
"{'id': 'independent', 'name': 'Independent'}",Jonathan McCambridge,"Government not listening to people in NI, new shadow secretary of state warns",Labour MP Peter Kyle visited Stormont for the first time since his appointment.,https://www.independent.co.uk/news/uk/government-stormont-labour-brexit-westminster-b1975021.html,https://static.independent.co.uk/2021/12/13/12/13123230-3cb83fd2-f204-4b9d-8881-84566d4c5ca3.jpg?width=1200&auto=webp&quality=75,2021-12-13T12:36:42Z,"Boris Johnsons Government has been accused of continually imposing regulations and laws over the heads of people in Northern Ireland, by the new shadow secretary of state.
Peter Kyle visited Stormon… [+3261 chars]",Independent
"{'id': None, 'name': 'Yahoo Entertainment'}",PR Newswire,Ulster and the Union: New Northern Ireland Polling From Lord Ashcroft,Northern Ireland would vote to stay in the UK in a referendum tomorrow – but most believe a border poll in 10 years' time would result in a united Ireland...,https://finance.yahoo.com/news/ulster-union-northern-ireland-polling-100000007.html,https://s.yimg.com/uu/api/res/1.2/Co62zV19DDuDLMLpssvN0Q--~B/aD00MDA7dz0yNzg7YXBwaWQ9eXRhY2h5b24-/https://media.zenfs.com/en/prnewswire.com/6420c66017203f35dac5ac4e49319323,2021-12-12T10:00:00Z,"LONDON, Dec. 12, 2021 /PRNewswire/ -- Northern Ireland would vote to stay in the UK in a referendum tomorrow but most believe a border poll in 10 years' time would result in a united Ireland, accordi… [+3701 chars]",Yahoo Entertainment
"{'id': None, 'name': 'The Indian Express'}",Priya Shukla,"UPSC CSE Key – December 14, 2021: What you need to read today","The Indian Express UPSC Key December 14, 2021 will help you prepare for the civil service and other competitive examinations with cues on how to read and understand content from the most authoritative news source in India.",https://indianexpress.com/article/upsc-current-affairs/upsc-cse-key-december-14-2021-what-you-need-to-read-today-7672897/,https://images.indianexpress.com/2021/12/upsc-key-2021-indian-express-1200.jpg,2021-12-14T13:24:36Z,"Important topics and their relevance in UPSC CSE exam for December 14, 2021. If you missed the December 13, 2021 UPSC CSE exam key from the Indian Express, read it here.FRONT PAGEPM flags off new Kas… [+5151 chars]",The Indian Express
"{'id': None, 'name': 'Yahoo Entertainment'}",William Shaw and Libby Cherry,Pound Woes Mount as Johnson Warns of ‘Tidal Wave’ of Virus Cases,"(Bloomberg) -- Most Read from BloombergZero Taxes, Golf and Beach Houses Create a Crypto Island ParadiseAnatomy of a Bad RoadChina Is Building the World’s...",https://finance.yahoo.com/news/pound-woes-mount-johnson-warns-071334127.html,https://s.yimg.com/uu/api/res/1.2/nM2NKHmodxFLPM5Wkrhpeg--~B/aD02NzU7dz0xMjAwO2FwcGlkPXl0YWNoeW9u/https://media.zenfs.com/en/bloomberg_markets_842/53a3392bef0a1ab88c95c5312f16ce61,2021-12-13T07:13:34Z,"(Bloomberg) --
Most Read from Bloomberg
Theres trouble brewing for the pound as the U.K. tightens its coronavirus restrictions once again.
Sterling fell 0.4% to $1.3225 as of 7 a.m. in London, app… [+3638 chars]",Yahoo Entertainment
"{'id': None, 'name': 'Yahoo Entertainment'}",Shell International B.V.,Transaction in Own Shares,Transaction in Own Shares 13 December 2021 • • • • • • • • • • • • • • • • Royal Dutch Shell plc (the ‘Company’) announces that on 13 December 2021 it...,https://finance.yahoo.com/news/transaction-own-shares-173600428.html,https://s.yimg.com/cv/apiv2/social/images/yahoo_default_logo-1200x1200.png,2021-12-13T17:36:00Z,"<table><tr><td>Transaction in Own Shares
</td></tr><tr><td></td><td></td><td></td><td></td><td></td><td></td><td></td></tr><tr><td>13 December 2021
</td><td></td></tr><tr><td></td><td></td></tr><tr… [+3048 chars]",Yahoo Entertainment
"{'id': 'bbc-news', 'name': 'BBC News'}",https://www.facebook.com/bbcnews,Brexit: Northern Ireland Protocol medicines deal 'possible' this month,Irish Foreign Minister Simon Coveney says an agreement on the protocol issue could come soon.,https://www.bbc.co.uk/news/uk-northern-ireland-59644919,https://ichef.bbci.co.uk/news/1024/branded_news/F15A/production/_119168716_9e3cbdcb-67a0-465d-84f3-1e755683bbdd.jpg,2021-12-13T20:53:08Z,"By Jessica ParkerBBC Brussels correspondent
Image source, Getty Images
Image caption, Northern Ireland has remained in the EU's pharmaceutical regulatory system after Brexit
The EU and the UK coul… [+2430 chars]",BBC News
"{'id': None, 'name': 'TheJournal.ie'}",Gráinne Ní Aodha,'There are good and bad days': Are Anglo-Irish relations worse now than during Brexit negotiations?,More direct links with Wales and north England are planned to improve Anglo-Irish ties post-Brexit.,https://www.thejournal.ie/anglo-irish-relations-post-brexit-5615051-Dec2021/,https://img2.thejournal.ie/article/5615051/river/?height=400&version=5626091,2021-12-12T00:05:46Z,"HOW ARE ANGLO-IRISH relations going, separate from discussions about peace in Northern Ireland and membership of the EU?
Though some in the Irish Government have suggested that relations between Ire… [+14871 chars]",TheJournal.ie
"{'id': None, 'name': 'Sputnik International'}",Max Gorbachev,"UK, France and EU Settle Fishing Row, But French Sailors Still Threatening London With Blockade","Britain, France, and the European Union have settled a row over fishing licenses, delaying the trade war the sides have threatened each other with in recent months. According to the British media, talks between the sides have yielded results, with Britain and…",https://sputniknews.com/20211213/uk-france-and-eu-settle-fishing-row-but-french-sailors-still-threatening-london-with-blockade-1091478928.html,https://cdnn1.img.sputniknews.com/images/sharing/article/eng/1091478928.jpg?10914100681639383524,2021-12-13T08:18:43Z,"French fishermen staged a similar blockade last month, blocking not only Calais, but also the Eurotunnel linking Britain to the European mainland in what they described as a ""demonstration of the qua… [+585 chars]",Sputnik International
"{'id': None, 'name': 'Yahoo Entertainment'}","Tom Orlik, Maeva Cousin and Enda Curran",What Could Possibly Go Wrong? These Are the Biggest Economic Risks for 2022,"(Bloomberg) -- Most Read from BloombergZero Taxes, Golf and Beach Houses Create a Crypto Island ParadiseAnatomy of a Bad RoadChina Is Building the World’s...",https://finance.yahoo.com/news/could-possibly-wrong-biggest-economic-050119817.html,https://s.yimg.com/ny/api/res/1.2/X8KsCcbIJAgBmtkOwLhvCw--/YXBwaWQ9aGlnaGxhbmRlcjt3PTEyMDA7aD05MTM-/https://s.yimg.com/uu/api/res/1.2/9CuH3R.3CsOMv7MoIzStDQ--~B/aD05ODY7dz0xMjk2O2FwcGlkPXl0YWNoeW9u/https://media.zenfs.com/en/bloomberg_markets_842/92c0efedb4c65c748d9e1a1137fc3ffe,2021-12-13T05:01:19Z,"(Bloomberg) --
Most Read from Bloomberg
The Covid years are littered with predictions that didnt work out. For anyone looking ahead into 2022, that should be enough to give pause.
Most forecasters… [+10333 chars]",Yahoo Entertainment
"{'id': 'breitbart-news', 'name': 'Breitbart News'}","Peter Caddle, 
Peter Caddle",Obama Coaching Britain's Leftist Labour Party on How to Win Power,Former U.S. President Barack Obama has been coaching Britain's leftist Labour Party on how best to take power during the next election.,https://www.breitbart.com/europe/2021/12/13/obama-coaching-britains-leftist-labour-party-on-how-to-win-power/,https://media.breitbart.com/media/2021/12/GettyImages-1352089314-e1639395429282-640x335.jpg,2021-12-13T12:24:11Z,"Former U.S. President Barack Obama has been coaching Britain’s leftist Labour Party on how best to take power during the next election.
Britain’s left-wing Labour party — which like Obama campaigned… [+4500 chars]",Breitbart News
"{'id': None, 'name': 'Forbes'}","Jamie Hailstone, Contributor, 
 Jamie Hailstone, Contributor
 https://www.forbes.com/sites/jamiehailstone/",Irish MP Seeks To Give Workers Legal Right To Clean Air,An opposition MP in the Republic of Ireland is pushing for the right to breathe clean air in the workplace to be enshrined in law.,https://www.forbes.com/sites/jamiehailstone/2021/12/14/irish-mp-seeks-to-give-workers-legal-right-to-clean-air/,https://thumbor.forbes.com/thumbor/fit-in/1200x0/filters%3Aformat%28jpg%29/https%3A%2F%2Fspecials-images.forbesimg.com%2Fimageserve%2F61b87a2c11066662da2df6f1%2F0x0.jpg,2021-12-14T11:08:23Z,"BERLIN, GERMANY - JULY 14: People work at computers in the community space of Factory Berlin on ... [+] July 14, 2016 in Berlin, Germany. Factory Berlin is a commercial space that has sought to attra… [+4405 chars]",Forbes
"{'id': None, 'name': 'Forbes'}","Ken Fleming, Forbes Councils Member, 
 Ken Fleming, Forbes Councils Member
 https://www.forbes.com/sites/forbestechcouncil/people/kenfleming1/",How To Ensure Successful International E-Commerce In The Time Of Supply Chain Crises,"By taking these steps, e-commerce retailers can capitalize on the growing number of consumers willing to purchase goods cross-border, even in a time of global supply chain crises.",https://www.forbes.com/sites/forbestechcouncil/2021/12/13/how-to-ensure-successful-international-e-commerce-in-the-time-of-supply-chain-crises/,https://thumbor.forbes.com/thumbor/fit-in/1200x0/filters%3Aformat%28jpg%29/https%3A%2F%2Fspecials-images.forbesimg.com%2Fimageserve%2F5f85c9ba0bc0be5db707c0f1%2F0x0.jpg,2021-12-13T13:00:00Z,"President at Logistyx Technologies, overseeing the company's parcel shipping technology innovation worldwide.
getty
Logistyx Technologies, the company I work for, recently commissioned a survey on … [+4892 chars]",Forbes
"{'id': 'independent', 'name': 'Independent'}",Katharine Hay,Scotland’s private sector growth rate at lowest since April,"Data shows inflation has hit a series record for the second month running, the latest Royal Bank of Scotland PMI shows.",https://www.independent.co.uk/business/scotland-s-private-sector-growth-rate-at-lowest-since-april-b1974731.html,https://static.independent.co.uk/2021/12/13/00/5ccd4962baab940d5995c7293cee004cY29udGVudHNlYXJjaGFwaSwxNjM5MjQ1OTE0-2.57282149.jpg?width=1200&auto=webp&quality=75,2021-12-13T00:01:00Z,"The rate of business growth in Scotlands private sector is at its lowest since April, a report has shown.
The data, seen in the latest Royal Bank of Scotland PMI, shows the banks business activity i… [+2526 chars]",Independent
"{'id': None, 'name': 'Yahoo Entertainment'}",BBC,"Half of UK families £110 a year worse off since 2019, report says",Study by the New Economics Foundation suggests the income gap has widened since the General Election.,https://news.yahoo.com/half-uk-families-110-worse-053123780.html,https://s.yimg.com/uu/api/res/1.2/qAjmJgAaFEKwEM7Gflgzhg--~B/aD01NDk7dz05NzY7YXBwaWQ9eXRhY2h5b24-/https://media.zenfs.com/en/bbc_us_articles_995/84f29dafe51de7f9b7b1bdddcecab11f,2021-12-13T12:31:47Z,"Stock image of a mum holding an infant while working on a laptop.
Half of UK families have seen their disposable incomes shrink in the last two years, new analysis suggests.
A report by a left-of-c… [+4254 chars]",Yahoo Entertainment
"{'id': None, 'name': 'Yahoo Entertainment'}",PA Media: UK News,‘Significant gaps’ becomes 2021 Brexit buzzword as EU exit continues to ripple,Rows over the Northern Ireland Protocol and fishing rights have rumbled on throughout the year.,https://ca.news.yahoo.com/significant-gaps-becomes-2021-brexit-024537382.html,https://s.yimg.com/ny/api/res/1.2/IRzcWaLe_iU0KONj6rYkXg--/YXBwaWQ9aGlnaGxhbmRlcjt3PTEyMDA7aD02NzU-/https://s.yimg.com/uu/api/res/1.2/oVVnFHoJj1EZzQr8mF7U.w--~B/aD0yMjUwO3c9NDAwMDthcHBpZD15dGFjaHlvbg--/https://media.zenfs.com/en/pa_viral_news_uk_120/bcc5bff820b83edc417973c468cbebec,2021-12-13T02:45:37Z,"Those hoping the introduction of a free trade deal between the UK and the European Union on January 1 would mark the end of the Brexit discussion would find themselves sorely disappointed in 2021.
R… [+3969 chars]",Yahoo Entertainment
"{'id': None, 'name': 'New Statesman'}",Ian McEwan,George Orwell Outside the Whale,"I’ll start with a place, a Paris apartment in Montparnasse, and a date, 23 December 1936, and a gift from one writer to another of his corduroy jacket which, from the point of view of the recipient, m",https://www.newstatesman.com/culture/books/2021/12/george-orwell-outside-the-whale,https://www.newstatesman.com/wp-content/uploads/sites/2/2021/12/202149-George-Orwell-NEW-1038x778.jpg,2021-12-12T02:14:27Z,"Ill start with a place, a Paris apartment in Montparnasse, and a date, 23 December 1936, and a gift from one writer to another of his corduroy jacket which, from the point of view of the recipient, m… [+34586 chars]",New Statesman
"{'id': None, 'name': 'The Guardian'}",Melissa Godin,"Morning mail: borders reopen, tornado toll, cookbooks at Christmas",Monday: Queensland reopens after almost five months. Plus: Russian missiles spotted near the Ukraine borderGood morning. The Queensland border has reopened to the fully vaccinated after nearly five months as WA prepares to announce its reopening plan. The US …,https://amp.theguardian.com/australia-news/2021/dec/13/morning-mail-borders-reopen-tornado-toll-cookbooks-at-christmas,https://i.guim.co.uk/img/media/7f3b5549c4e4f5fa35a351011f05cb620bf141ef/0_110_3306_1984/master/3306.jpg?width=1200&height=630&quality=85&auto=format&fit=crop&overlay-align=bottom%2Cleft&overlay-width=100p&overlay-base64=L2ltZy9zdGF0aWMvb3ZlcmxheXMvdGctZGVmYXVsdC5wbmc&enable=upscale&s=7dc27bf7c02351ca6297c9766c5d4200,2021-12-12T19:56:42Z,Good morning. The Queensland border has reopened to the fully vaccinated after nearly five months as WA prepares to announce its reopening plan. The US grapples with the aftermath of devastating torn… [+7111 chars],The Guardian
"{'id': None, 'name': 'Euronews'}",Alice Tidey,Omicron: Boris Johnson braces for MP rebellion against latest COVID measures,Between 60 and 80 Conservative lawmakers are expected to vote against the government's latest COVID measures.,https://www.euronews.com/2021/12/14/omicron-boris-johnson-braces-for-mp-rebellion-against-latest-covid-measures,https://static.euronews.com/articles/stories/06/30/27/66/1000x563_cmsv2_2df6c840-f4a7-53fb-9c2a-3822d7a01799-6302766.jpg,2021-12-14T07:12:49Z,"British Prime Minister Boris Johnson could face the wrath of his party's MPs on Tuesday with dozens set to rebel against a vote to introduce new COVID-19 measures.
Between 60 and 80 Conservative law… [+4037 chars]",Euronews
"{'id': None, 'name': 'TheJournal.ie'}",Ian Curran,Irish trade and politics are being transformed by Brexit - but how? What can we expect in 2022?,We’ve spent the last six weeks attempting to answer these questions at The Good Information Project.,https://www.thejournal.ie/brexit-anglo-irish-relations-2-5622486-Dec2021/,https://img2.thejournal.ie/article/5622486/river/?height=400&version=5626115,2021-12-12T19:00:46Z,"AFTER FOUR YEARS of predictions, prognostications and recriminations over Brexit, the rubber finally hit the road in 2020 when Britain formally left the European Union on New Years Day.
And with a l… [+7086 chars]",TheJournal.ie
"{'id': 'independent', 'name': 'Independent'}",Emily Atkinson,Solar parks may boost bumblebee population in UK,Solar parks could become ‘valuable habitats’ for bumblebees,https://www.independent.co.uk/climate-change/solar-parks-bumblebee-population-b1975185.html,https://static.independent.co.uk/2021/01/08/20/newFile-4.jpg?width=1200&auto=webp&quality=75,2021-12-13T18:20:32Z,"Making simple changes to the way solar parks in the UK are managed could boost nesting bumblebee populations in parks and surrounding areas, new research shows.
As well as being an effective source … [+3103 chars]",Independent
"{'id': 'bbc-news', 'name': 'BBC News'}",,Graeme van Buuren: Gloucestershire batter eligible to play after becoming British citizen,South Africa-born Gloucestershire batter Graeme van Buuren becomes a British citizen after missing a number of matches last season due to his eligibility.,https://www.bbc.co.uk/sport/cricket/59640603,https://ichef.bbci.co.uk/live-experience/cps/624/cpsprodpb/9F3F/production/_122076704_gettyimages-1340058586.jpg,2021-12-13T14:33:21Z,"Van Buuren joined Gloucestershire in 2016 but missed a number of matches this summer
Gloucestershire batter Graeme van Buuren has been granted British citizenship after missing a number of matches l… [+1549 chars]",BBC News
"{'id': 'independent', 'name': 'Independent'}",Patrick Daly,"Protest vote could topple Tories in North Shropshire poll, Zahawi suggests",The Education Secretary said voters could use Thursday’s by-election to ‘send a message’.,https://www.independent.co.uk/news/uk/nadhim-zahawi-ed-davey-tories-conservatives-education-secretary-b1974518.html,https://static.independent.co.uk/2021/12/12/13/6001e0dc0008482347ff8f5941f81298Y29udGVudHNlYXJjaGFwaSwxNjM5NDAwNTgw-2.64105706.jpg?width=1200&auto=webp&quality=75,2021-12-12T13:36:56Z,"The Conservatives have appeared to play down their chances of winning the North Shropshire by-election after a Cabinet minister said the electorate could use the poll as a protest vote.
The by-elect… [+3195 chars]",Independent
"{'id': None, 'name': 'Scoopyweb.com'}",unewsy,"Get ready for more blockades, warn militant French fishing barons, as they vow to disrupt cross-Channel trade over Christmas in post-Brexit row","Militant French fishing barons vowed last night to disrupt cross-Channel trade in the run-up to Christmas to punish Britain in a post-Brexit row over licences.
The failure to agree fishing licences for French boats has led to warnings that British shoppers co…",http://www.scoopyweb.com/2021/12/get-ready-for-more-blockades-warn.html,https://lh5.googleusercontent.com/proxy/ls-s2Dv1cCD4KZBkMfa6wxzz61gd7hSsIKc3PKmbWQ39gYkbGkeIhot0vOEdZx_UQjECH52GHh7nbK-TaPcekLUXr9Hk3XzwPG-e1qMBllRy0wX1SMc-HwnZxS-sou9aJaNCkhu6C_1qWxbhSw=w1200-h630-p-k-no-nu,2021-12-13T13:27:10Z,"Militant French fishing barons vowed last night to disrupt cross-Channel trade in the run-up to Christmas to punish Britain in a post-Brexit row over licences.
The failure to agree fishing licences … [+3058 chars]",Scoopyweb.com
"{'id': None, 'name': 'Japan Today'}",,UK's Johnson faces angry MPs at vote on new virus restrictions,"British Prime Minister Boris Johnson on Tuesday faces a backlash from his own MPs in parliament over new coronavirus restrictions, as he battles a slump in support and questions about his future. Members of Johnson's Conservative party have hit out at new rul…",https://japantoday.com/category/world/uk%27s-johnson-faces-angry-mps-at-vote-on-new-virus-curbs,,2021-12-14T03:53:14Z,"British Prime Minister Boris Johnson on Tuesday faces a backlash from his own MPs in parliament over new coronavirus restrictions, as he battles a slump in support and questions about his future.
Me… [+3398 chars]",Japan Today
"{'id': None, 'name': 'Yahoo Entertainment'}",Joe Barnes,French fishermen plan to ruin Christmas for millions of Britons with blockade,French trawlermen are drawing up plans to ruin Christmas for millions of Britons by blockading Calais and other key ports in response to the resolution of...,https://news.yahoo.com/french-fishermen-plan-ruin-christmas-130503369.html,https://s.yimg.com/ny/api/res/1.2/5otvjHPqVylF7MVr9d5csQ--/YXBwaWQ9aGlnaGxhbmRlcjt3PTEyMDA7aD03NTA-/https://s.yimg.com/uu/api/res/1.2/1VQ8cehsA1TSMYArrIJcdA--~B/aD0xNTYzO3c9MjUwMDthcHBpZD15dGFjaHlvbg--/https://media.zenfs.com/en/the_telegraph_258/f007adca404ef6642ef2603394ba5f1c,2021-12-12T13:05:03Z,"French fishing boats block the entrance to the port of Calais on November 26, 2021 - BERNARD BARRON
French trawlermen are drawing up plans to ruin Christmas for millions of Britons by blockading Cal… [+3888 chars]",Yahoo Entertainment
"{'id': None, 'name': 'The Guardian'}",Rajeev Syal and Haroon Siddique,Dominic Raab’s paper seen as fulfilment of quest to destroy Human Rights Act,Analysis: critics think man who once said ‘I don’t believe in economic and social rights’ is reaching goal of 12-year campaignIt may bear the unassuming title of a “consultation paper”. But critics believe that the document released by Dominic Raab’s departme…,https://amp.theguardian.com/politics/2021/dec/14/dominic-raabs-paper-seen-as-fulfilment-of-quest-to-destroy-human-rights-act,https://i.guim.co.uk/img/media/fcb86c56d3f0f2e7466871ea4ee9036a17d1b254/0_42_1904_1142/master/1904.jpg?width=1200&height=630&quality=85&auto=format&fit=crop&overlay-align=bottom%2Cleft&overlay-width=100p&overlay-base64=L2ltZy9zdGF0aWMvb3ZlcmxheXMvdGctZGVmYXVsdC5wbmc&enable=upscale&s=02ed6731ccf64704c066b3855e1cad4d,2021-12-14T00:01:32Z,It may bear the unassuming title of a consultation paper. But critics believe that the document released by Dominic Raabs department on Tuesday is the culmination of a steady 12-year campaign by the … [+3102 chars],The Guardian
"{'id': None, 'name': 'Telegraph.co.uk'}",Laura Onita,Retailers declare war on Visa and Mastercard over transaction fees,A group of major retail brands are seeking compensation for payment fees they argue breach competition law,https://www.telegraph.co.uk/business/2021/12/12/retailers-declare-war-visa-dozen-retailers-lodge-legal-claims/,https://www.telegraph.co.uk/content/dam/business/2021/11/26/TELEMMGLPICT000187581432_trans_NvBQzQNjv4BqrWYeUU_H0zBKyvljOo6zlvrBHlngucm5MflHTV9w6vk.jpeg?impolicy=logo-overlay,2021-12-12T09:00:00Z,"Retailers have ramped up a battle against Visa and Mastercard with more than a dozen major brands logging fresh legal claims over card payment fees.
The High Court writs, which count Levi, Superdry … [+1881 chars]",Telegraph.co.uk
"{'id': None, 'name': 'Open Democracy'}",Martin Williams,MPs urge Boris Johnson to halt plans for compulsory voter ID,"Elections Bill attacked by cross-party MPs, who say case for photo ID has ‘simply not been good enough’ and move will make it ‘more difficult to vote’",https://www.opendemocracy.net/en/opendemocracyuk/mps-urge-boris-johnson-to-halt-plans-for-compulsory-voter-id/,https://cdn2.opendemocracy.net/media/images/2HAETGM.2e16d0ba.fill-1200x630.jpg,2021-12-13T15:55:38Z,"Elsewhere in the report, PACAC also called on the government to review controversial plans that would hand ministers greater control over the Electoral Commission, which is supposed to be independent… [+1278 chars]",Open Democracy
"{'id': None, 'name': 'Foreign Policy'}",Owen Matthews,From ‘Partygate’ to a Possible Leadership Challenge for Boris Johnson,"The British prime minister’s shining political star seems to be dimming—and with it, perhaps, Conservative prospects.",https://foreignpolicy.com/2021/12/13/boris-johnson-scandal-britain-political-crisis-partygate/,https://foreignpolicy.com/wp-content/uploads/2021/12/boris-johnson-GettyImages-533670376.jpg?w=1000,2021-12-13T20:15:20Z,"For much of his political career, British Prime Minister Boris Johnson has been known as an electoral wizard. His uncanny talent for appealing to people who wouldnt normally vote Conservative made hi… [+9869 chars]",Foreign Policy
"{'id': None, 'name': 'Daily Mail'}",Jack Maidment,Tory MP accuses PM of 'creating a miserable dystopia' with Covid curbs,Tory MP Steve Baker today accused Boris Johnson of 'creating a miserable dystopia' by re-imposing coronavirus restrictions.,https://www.dailymail.co.uk/news/article-10301321/Tory-MP-accuses-PM-creating-miserable-dystopia-Covid-curbs.html,https://i.dailymail.co.uk/1s/2021/12/12/10/51656129-0-image-a-19_1639306600093.jpg,2021-12-12T11:15:55Z,Tory MP Steve Baker today accused Boris Johnson of 'creating a miserable dystopia' by re-imposing coronavirus restrictions as the Prime Minister braces for a massive Conservative revolt over 'Plan B'… [+2813 chars],Daily Mail
"{'id': None, 'name': 'Thedailymash.co.uk'}",The Daily Mash,Two years into the Johnson administration: how it’s going even f**king worse than you thought it would,"TWO years ago, Boris Johnson was elected with an 80-seat majority. You thought it would go badly but not this f**king badly. Here’s a timeline.",https://www.thedailymash.co.uk/politics/two-years-into-the-johnson-administration-how-its-going-even-fking-worse-than-you-thought-it-would-20211213215226,https://cdn.thedailymash.co.uk/wp-content/uploads/20211124104426/boris-johnson-in-darkness-667x375-1.jpg,2021-12-13T10:58:50Z,"TWO years ago, Boris Johnson was elected with an 80-seat majority. You thought it would go badly but not this f**king badly. Heres a timeline: 
13th December 2019: Johnson elected. Corbyn revels in … [+2848 chars]",Thedailymash.co.uk
"{'id': None, 'name': 'Thedailymash.co.uk'}",The Daily Mash,All eligible adults to throw a tantrum at booster website by the end of the month,"EVERYONE over 18 has been invited to angrily go round in circles on the NHS website before 2022, it has been confirmed.",https://www.thedailymash.co.uk/news/health/all-eligible-adults-to-throw-a-tantrum-at-booster-website-by-the-end-of-the-month-20211213215229,https://cdn.thedailymash.co.uk/wp-content/uploads/20211213112729/angry-man-laptop-667x375-1.jpg,2021-12-13T11:38:46Z,"TWO years ago, Boris Johnson was elected with an 80-seat majority. You thought it would go badly but not this f**king badly. Heres a timeline: 
13th December 2019: Johnson elected. Corbyn revels in … [+2848 chars]",Thedailymash.co.uk
"{'id': None, 'name': 'Mactrast.com'}",Chris Hauk,European Union Members Agree to Extend Mobile Phone ‘Roaming’ for Another Decade,"Mobile phone ""roaming"" will continue to be free within the European Union for at least another decade, says a press release from the European Commission.Read More...",https://www.mactrast.com/2021/12/european-union-members-agree-to-extend-mobile-phone-roaming-for-another-decade/,https://www.mactrast.com/wp-content/uploads/2020/06/european-union-flag.jpg,2021-12-13T13:32:14Z,"Mobile phone “roaming” will continue to be free within the European Union for at least another decade, says a press release from the European Commission.
The EC said that a political agreement had b… [+1424 chars]",Mactrast.com
"{'id': None, 'name': 'POLITICO.eu'}",Emilio Casalicchio,Global Britain struggles to get US attention over steel fight,DIT insiders argue Britain is a significant enough US trading partner for threats to work.,http://www.politico.eu/article/global-britain-struggles-us-attention-trade-steel-fight/,https://www.politico.eu/wp-content/uploads/2021/12/11/GettyImages-1235972711-1200x628.jpg,2021-12-12T03:00:00Z,"LONDON The U.K. is growing tired of playing nice in its long-running trade dispute with the U.S. over steel but playing nasty could backfire. 
International Trade Secretary Anne-Marie Trevelyan trav… [+5321 chars]",POLITICO.eu
"{'id': None, 'name': 'Bangkok Post'}",AFP,UK's Johnson faces angry MPs at vote on virus curbs,LONDON: Boris Johnson on Tuesday faces potentially the largest rebellion from his own MPs since he became British premier as parliament votes on new coronavirus restrictions to combat the spread of Omicron.,https://www.bangkokpost.com/world/2231811/uks-johnson-faces-angry-mps-at-vote-on-virus-curbs,https://static.bangkokpost.com/media/content/20211214/c1_4172127_700.jpg,2021-12-14T10:45:00Z,LONDON: Boris Johnson on Tuesday faces potentially the largest rebellion from his own MPs since he became British premier as parliament votes on new coronavirus restrictions to combat the spread of O… [+4083 chars],Bangkok Post
"{'id': None, 'name': 'New Statesman'}",Ben Walker,Who would win if a general election was held tomorrow?,The question of who will win the next general election is usually one of the most important and difficult to answer in politics. The Conservatives achieved a landslide victory at the 2019 general elec,https://www.newstatesman.com/politics/elections/2021/12/election-win-calculator,https://www.newstatesman.com/wp-content/uploads/sites/2/2021/12/Screenshot_8-901x778.png,2021-12-12T22:03:00Z,The question of who will win the next general election is usually one of the most important and difficult to answer in politics. The Conservatives achieved a landslide victory at the 2019 general ele… [+4616 chars],New Statesman
"{'id': None, 'name': 'The Indian Express'}",C. Raja Mohan,The case for deeper technological ties with London,"It makes strategic and economic sense for Delhi, as the UK is one of the few nations to have laid out ambitious policy goals with an eye on the unfolding technological revolution.",https://indianexpress.com/article/opinion/columns/india-uk-ties-technology-7671433/,https://images.indianexpress.com/2021/11/Modi-Boris.jpg,2021-12-13T22:20:28Z,"When Delhi thinks of technological cooperation with major powers, the US, Europe and Japan come to mind. Russia lags behind its Western cousins in civilian technologies but remains a major force in d… [+6289 chars]",The Indian Express
"{'id': 'independent', 'name': 'Independent'}",Martina Bet,Plan B expected to become law as Starmer says he will support new Covid measures,"Despite several Tory MPs said to be against the imposition of Plan B, the measures are expected to become law as Labour is backing the Government.",https://www.independent.co.uk/news/uk/plan-b-mps-government-prime-minister-covid-b1974483.html,https://static.independent.co.uk/2021/12/12/11/20e9bfe93bfdc2c6f11d461995ca6e48Y29udGVudHNlYXJjaGFwaSwxNjM5MzkzMDU3-2.64285657.jpg?width=1200&auto=webp&quality=75,2021-12-12T12:16:52Z,"New Covid restrictions are expected to become law this week as Labour leader Sir Keir Starmer confirmed his party will be supporting the Government in Tuesdays vote.
It comes as the Prime Minister c… [+3796 chars]",Independent
"{'id': 'independent', 'name': 'Independent'}",Martina Bet,Plan B expected to become law as Starmer says he will support new Covid measures,"Despite several Tory MPs said to be against the imposition of Plan B, the measures are expected to become law as Labour is backing the Government.",https://www.independent.co.uk/news/uk/plan-b-government-prime-minister-mps-labour-b1974483.html,https://static.independent.co.uk/2021/12/12/11/20e9bfe93bfdc2c6f11d461995ca6e48Y29udGVudHNlYXJjaGFwaSwxNjM5MzkzMDU3-2.64285657.jpg?width=1200&auto=webp&quality=75,2021-12-12T12:38:29Z,"New Covid restrictions are expected to become law this week as Labour leader Sir Keir Starmer confirmed his party will be supporting the Government in Tuesdays vote.
It comes as the Prime Minister c… [+4368 chars]",Independent
"{'id': 'independent', 'name': 'Independent'}",Sean O' Grady,Voices: Keir Starmer is smart not to call for Boris Johnson’s head just yet – he’s Labour’s secret weapon,The prime minister has single handedly revived the opposition parties. Why would Starmer want rid of him?,https://www.independent.co.uk/voices/keir-starmer-boris-johnson-labour-b1975719.html,https://static.independent.co.uk/2021/12/12/11/7171d0ff2c83606e8e40e954951f7c2aY29udGVudHNlYXJjaGFwaSwxNjM5MzkyODMx-2.64285667.jpg?width=1200&auto=webp&quality=75,2021-12-14T11:45:06Z,"I dont know if youve noticed, in amongst our Groundhog Day pandemic and the constant Covid pings and the general tumult, that Sir Keir Starmer, leader of Her Majestys opposition, as he pointedly put … [+4537 chars]",Independent
"{'id': 'independent', 'name': 'Independent'}",Martina Bet,Plan B expected to become law as Starmer says he will support new Covid measures,"Despite several Tory MPs said to be against the imposition of Plan B, the measures are expected to become law as Labour is backing the Government.",https://www.independent.co.uk/news/uk/boris-johnson-plan-b-covid-government-prime-minister-b1974483.html,https://static.independent.co.uk/2021/12/12/11/20e9bfe93bfdc2c6f11d461995ca6e48Y29udGVudHNlYXJjaGFwaSwxNjM5MzkzMDU3-2.64285657.jpg?width=1200&auto=webp&quality=75,2021-12-12T14:44:41Z,"New Covid restrictions are expected to become law this week as Labour leader Sir Keir Starmer confirmed his party will be supporting the Government in Tuesdays vote.
It comes as the Prime Minister c… [+5007 chars]",Independent
"{'id': 'independent', 'name': 'Independent'}",Harriet Williamson,Voices: Don’t blame me for Johnson’s car crash leadership – I voted for Corbyn,"Instead of the jam-maker who dedicated his political career to justice, equality and genuine public service, the country picked sleaze and corruption and lies and selfishness. The chickens have come home to roost",https://www.independent.co.uk/voices/boris-johnson-leadership-jeremy-corbyn-b1974891.html,https://static.independent.co.uk/s3fs-public/thumbnails/image/2016/05/12/17/j.jpg?width=1200&auto=webp&quality=75,2021-12-13T10:54:28Z,"The Johnson premiership was always a disaster waiting to happen. A souped-up car driven recklessly through pedestrians and red lights; nothing under the bumper but the heady fumes of self-importance,… [+3881 chars]",Independent
"{'id': None, 'name': 'Yahoo Entertainment'}",PR Newswire,Supply Chain Tech Firm KlearNow Raises $50 Million to Alleviate Global Supply Chain Constraints,"KlearNow, the smart Logistics as a Service (LaaS) pioneer founded in 2018, raised $50M in new capital to transform broken supply chains—simplifying and...",https://finance.yahoo.com/news/supply-chain-tech-firm-klearnow-150000912.html,https://s.yimg.com/uu/api/res/1.2/rrMf8g3KPHKeBr5qq7WkQQ--~B/aD0xNjt3PTE2O2FwcGlkPXl0YWNoeW9u/https://media.zenfs.com/en/prnewswire.com/c267d29e57c97ce8c65021f2b2556a16,2021-12-13T15:00:00Z,"Firm to use funds to further ease import/export burdens for businesses to simplify moving cargo across borders
SANTA CLARA, Calif., Dec. 13, 2021 /PRNewswire/ -- KlearNow, the smart Logistics as a S… [+6662 chars]",Yahoo Entertainment
"{'id': None, 'name': 'Dougantin.com'}",Doug,8 Technology Trends That Define The Digital Age,The Digital Age transformation will force sweeping changes throughout society. These changes will take place along 8 key digital fault lines.,https://dougantin.com/8-technology-trends-that-define-the-digital-age/,https://dougantin.com/wp-content/uploads/2021/06/0_TdwNH_upnnGDX8QI-1024x683.jpg,2021-12-12T14:20:12Z,"The digital age transformation is well underway and most people aren’t prepared for the changes taking place. 
This transformation will force sweeping changes throughout society over the next decade… [+33288 chars]",Dougantin.com
"{'id': None, 'name': 'EURACTIV'}",Admin,Angry French fishermen threaten British imports,Fishermen in northern France have threatened to disrupt British imports in a bid to increase pressure on London to grant them more licences for UK waters.,http://www.euractiv.com/section/uk-europe/news/angry-french-fishermen-threaten-british-imports/,https://www.euractiv.com/wp-content/uploads/sites/2/2021/12/French-fishing-boats-1-800x450.jpg,2021-12-13T07:33:01Z,"Fishermen in northern France have threatened to disrupt British imports in a bid to increase pressure on London to grant them more licences for UK waters.
Britain agreed to issue another 23 licences… [+1911 chars]",EURACTIV
"{'id': None, 'name': 'EURACTIV'}",Georgi Gotev,Macron’s presidential challenger Pécresse would say ‘non’ to federal EU,The conservative candidate who has emerged as Emmanuel Macron's most serious challenger for next year's presidential election kicked off her campaign on Saturday (11 December) by announcing she would resist German calls for a federal European superstate.,http://www.euractiv.com/section/future-eu/news/macrons-presidential-challenger-pecresse-would-say-non-to-federal-eu/,https://www.euractiv.com/wp-content/uploads/sites/2/2021/12/Valerie-Pecresse-applauding-800x450.jpg,2021-12-13T05:37:12Z,The conservative candidate who has emerged as Emmanuel Macron’s most serious challenger for next year’s presidential election kicked off her campaign on Saturday (11 December) by announcing she would… [+2400 chars],EURACTIV
"{'id': None, 'name': 'ZDNet'}",Liam Tung,"Dysfunctional, damaging and sometimes dangerous: A damning verdict on government IT","The UK government has 'no clear' plan to modernize legacy systems, some of which date back to the 1970s.",https://www.zdnet.com/article/dysfunctional-damaging-and-sometimes-dangerous-a-damning-verdict-on-government-it/,https://www.zdnet.com/a/img/resize/4c1ab3c416900bf776fda327c8ae3f0a65e53359/2014/09/18/1db92658-3f04-11e4-b6a0-d4ae52e95e57/houses-of-parliament-westminster-government.jpg?width=770&height=578&fit=crop&auto=webp,2021-12-14T12:36:00Z,"A committee of MPs has delivered a scathing assessment of the UK government's ability to modernize legacy IT systems. 
The report, from the House of Commons Committee of Public Accounts, said too ma… [+3815 chars]",ZDNet
"{'id': 'bloomberg', 'name': 'Bloomberg'}",Joe Mayes,U.K. and EU Set to Push Talks on Northern Ireland Into 2022,"The U.K and European Union are set to extend their negotiations over the post-Brexit future of Northern Ireland into 2022, as both sides seek a compromise that would avert a trade war.",https://www.bloomberg.com/news/articles/2021-12-13/u-k-and-eu-set-to-push-talks-on-northern-ireland-into-2022,https://assets.bwbx.io/images/users/iqjWHBFdfxIU/iaa2XUPzupDo/v0/1200x801.jpg,2021-12-13T18:56:29Z,"The U.K and European Union are set to extend their negotiations over the post-Brexit future of Northern Ireland into 2022, as both sides seek a compromise that would avert a trade war.
Britains Brex… [+2462 chars]",Bloomberg
"{'id': 'independent', 'name': 'Independent'}",Anna Davis,Skill Up Step Up: Chef Marcus Wareing backs our appeal – and meets some new recruits,The Masterchef judge revealed his son has chosen to work in McDonald’s rather than his restaurant kitchen,https://www.independent.co.uk/news/uk/home-news/marcus-wareing-skill-up-step-up-b1974899.html,https://static.independent.co.uk/2021/12/13/09/SPL%20SPRINGBOARD%2017.JPG?width=1200&auto=webp&quality=75,2021-12-13T10:10:52Z,"Chef Marcus Wareing said there have never been more jobs available in the restaurant industry as he backed our Christmas appeal to help upskill unemployed youngsters to get them into the workplace.
… [+7307 chars]",Independent
"{'id': None, 'name': 'The Guardian'}",PA Media,Supply chain ‘must be fixed urgently’ to ensure food security in the UK,"Coalition of industry groups calls for government commitment to keep Britain’s food production at 60%The supply chain crisis must be fixed urgently if the government is to ensure food security in the UK, a coalition of industry groups has warned.Food and farm…",https://amp.theguardian.com/business/2021/dec/14/supply-chain-must-be-fixed-urgently-to-ensure-food-security-in-the-uk,https://i.guim.co.uk/img/media/e9c4ac36434b31eb9ab5202b089fe4242765b5a2/0_147_4500_2700/master/4500.jpg?width=1200&height=630&quality=85&auto=format&fit=crop&overlay-align=bottom%2Cleft&overlay-width=100p&overlay-base64=L2ltZy9zdGF0aWMvb3ZlcmxheXMvdGctZGVmYXVsdC5wbmc&enable=upscale&s=37a30aeb33b140f2724df34c8520919d,2021-12-14T00:01:32Z,"The supply chain crisis must be fixed urgently if the government is to ensure food security in the UK, a coalition of industry groups has warned.
Food and farming leaders warn that the sector has be… [+2955 chars]",The Guardian
"{'id': None, 'name': 'New Statesman'}",Martin Fletcher,Decent Tories must back the Lib Dems to end Boris Johnson’s rotten premiership,"I write this column as a passionate moderate – an erstwhile Tory voter who deeply distrusts the intolerant, uncompromising ideologues of both left and right.  I address it to the Conservatives of",https://www.newstatesman.com/comment/2021/12/decent-tories-must-back-the-lib-dems-to-end-boris-johnsons-rotten-premiership,https://www.newstatesman.com/wp-content/uploads/sites/2/2021/12/GettyImages-1357702048-800x418.jpg,2021-12-13T17:07:31Z,"I write this column as a passionate moderate an erstwhile Tory voter who deeply distrusts the intolerant, uncompromising ideologues of both left and right. 
I address it to the Conservatives of Nort… [+6316 chars]",New Statesman
"{'id': None, 'name': 'City A.M.'}",Stefan Boscia,Brexit: UK-EU talks on Northern Ireland resume this week as UK sets ‘no time limit’ on discussions,"Talks between the UK and the EU on the post-Brexit Northern Ireland Protocol will resume this week, with Number 10 today putting no “set limit” for how long negotiations will drag on. Defacto Brexit secretary Lord David Frost and his EU counterpart Maros Sefc…",https://www.cityam.com/brexit-uk-eu-talks-on-northern-ireland-resume-this-week-as-uk-sets-no-time-limit-on-discussions/,https://www.cityam.com/wp-content/uploads/2021/12/GettyImages-1230097373.jpg,2021-12-13T12:59:01Z,"Monday 13 December 2021 12:59 pm
Both sides have acknowledged the Northern Ireland Protocol, agreed in the Brexit Withdrawal Agreement, is causing economic and political damage due to the stringency… [+2271 chars]",City A.M.
"{'id': None, 'name': 'City A.M.'}",Stefan Boscia,IMF boss: UK to face even more Brexit disruption in new year,"The UK will face more trade disruption in the new year as new post-Brexit customs checks come into place, International Monetary Fund (IMF) chief Kristalina Georgieva has said. The UK will implement its full range of post-Brexit checks on EU goods coming into…",https://www.cityam.com/imf-boss-uk-to-face-even-more-brexit-disruption-in-new-year/,https://www.cityam.com/wp-content/uploads/2021/12/GettyImages-1236297182.jpg,2021-12-14T13:38:58Z,"Tuesday 14 December 2021 1:38 pm
Haulage trucks on the dockside at the Port of Dover Ltd. in Dover, U.K., on Tuesday, Nov. 2, 2021. Shipping markets will likely remain this tight at least through th… [+1113 chars]",City A.M.
"{'id': None, 'name': 'Speedhunters.com'}",Mark Riccioni,Project Thirty Four: Chasing Power In A GT-R – Is It Really Worth It?,When I decided to rebuild my R34 Skyline GT-R’s engine in late 2018 – a decision made entirely by the fact an exhaust valve was embedded within the cylinder head – it felt like the perfect time to aim for big power. You know the kind of engine I’m talking abo…,http://www.speedhunters.com/2021/12/project-thirty-four-chasing-power-in-a-gt-r-is-it-really-worth-it/,http://speedhunters-wp-production.s3.amazonaws.com/wp-content/uploads/2021/12/09071538/DSC09969-2.jpg,2021-12-13T17:00:46Z,"SHARE
 Project Thirty Four: Chasing Power In A GT-R – Is It Really Worth It? 
With great power comes great responsibility. Unless the power comes from an RB26; then it comes with great anxiety.
Wh… [+13262 chars]",Speedhunters.com
"{'id': None, 'name': 'Luxurylaunches.com'}",Neha Tandon Sharma,"From $92,000 a year salaries to spa treatments to shiny Range Rover’s – Rich Brits are stopping at nothing to woo nannies for their little ones.","It’s an excellent time to be a nanny, at least in London. If nanny agency Polo and Tweed’s...
The post From $92,000 a year salaries to spa treatments to shiny Range Rover’s – Rich Brits are stopping at nothing to woo nannies for their little ones. appeared fi…",https://luxurylaunches.com/other_stuff/nanny-shortage-in-the-uk.php,https://luxurylaunches.com/wp-content/uploads/2021/12/mary-poppins.jpg,2021-12-13T12:26:47Z,"It’s an excellent time to be a nanny, at least in London. If nanny agency Polo and Tweed’s comments about the current hunt for the best nanny in town are anything to go by, it’s clear- the nanny wars… [+2128 chars]",Luxurylaunches.com
"{'id': 'independent', 'name': 'Independent'}",Rob Merrick,Senior Tory MP warns Brexit ‘destroying’ British agriculture and condemns government failure to act,"A senior Conservative MP has warned Brexit is “destroying” British agriculture, as he condemned a government minister for failing to act.",https://www.independent.co.uk/news/uk/politics/brexit-farming-immigration-neil-parish-b1975696.html,https://static.independent.co.uk/2020/08/19/11/breaking-news.png?width=1200&auto=webp&quality=75,2021-12-14T11:09:06Z,"A senior Conservative MP has warned Brexit is destroying British agriculture, as he condemned a government minister for failing to act.
A furious Neil Parish laid into Neil Foster, the immigration m… [+835 chars]",Independent
"{'id': None, 'name': 'Business Standard'}","Tom Orlik, Maeva Cousin and Enda Curran| Bloomberg","Omicron, Inflation, Evergrande: 10 biggest risks to global economy in 2022","Omicron, sticky inflation, China's Evergrande slump, Taiwan, a run on emerging markets, hard Brexit, a fresh euro crisis, and rising food prices - all these feature in a rogues' gallery of risks",https://www.business-standard.com/article/international/omicron-inflation-evergrande-10-biggest-risks-to-global-economy-in-2022-121121301099_1.html,https://bsmedia.business-standard.com/_media/bs/img/article/2021-12/13/full/1639400565-0452.jpg,2021-12-13T13:02:50Z,"The Covid years are littered with predictions that didn’t work out. For anyone looking ahead into 2022, that should be enough to give pause.
Most forecasters, including Bloomberg Economics, have as … [+10344 chars]",Business Standard
"{'id': None, 'name': 'Business Wire'}",,AECOM to provide program management services for Hamad International Airport Expansion Program,"DALLAS--(BUSINESS WIRE)--AECOM (NYSE: ACM), the world’s trusted infrastructure consulting firm, announced today that it has been selected to provide program management services for Cargo Terminal 2 and Amiri Flight Facilities as part of the Hamad Internationa…",https://www.businesswire.com/news/home/20211214005397/en/AECOM-to-provide-program-management-services-for-Hamad-International-Airport-Expansion-Program,http://www.businesswire.com/images/bwlogo_square.png,2021-12-14T12:09:00Z,"DALLAS--(BUSINESS WIRE)--AECOM (NYSE: ACM), the worlds trusted infrastructure consulting firm, announced today that it has been selected to provide program management services for Cargo Terminal 2 an… [+5843 chars]",Business Wire
"{'id': None, 'name': 'Business Wire'}",,TriMas Announces Two New Acquisitions,"BLOOMFIELD HILLS, Mich.--(BUSINESS WIRE)--TriMas (NASDAQ: TRS) today announced that it has recently signed agreements to acquire Omega Plastics (“Omega”), to be added to TriMas Packaging, and TFI Aerospace (“TFI”), to be added to TriMas Aerospace. Omega, loca…",https://www.businesswire.com/news/home/20211213005596/en/TriMas-Announces-Two-New-Acquisitions,https://mms.businesswire.com/media/20211213005596/en/700996/23/TriMas_Logo.jpg,2021-12-13T14:37:50Z,"BLOOMFIELD HILLS, Mich.--(BUSINESS WIRE)--TriMas (NASDAQ: TRS) today announced that it has recently signed agreements to acquire Omega Plastics (Omega), to be added to TriMas Packaging, and TFI Aeros… [+6011 chars]",Business Wire
"{'id': None, 'name': 'Mirror Online'}",mirrornews@mirror.co.uk (Lizzy Buchan),Voters 'ready to punish Boris Johnson' for parties and sleaze in crunch by-election,"Boris Johnson faces a critical test in Thursday's North Shropshire by-election, as the mood in the Tory party turns 'mutinous'",https://www.mirror.co.uk/news/politics/voters-ready-punish-boris-johnson-25678991,https://i2-prod.mirror.co.uk/incoming/article25679935.ece/ALTERNATES/s1200/0_new-exclusive-social-copy.jpg,2021-12-12T18:40:10Z,"Fed-up voters are ready to punish Boris Johnson for No 10s rule-breaking parties and sleaze, says Labour's candidate in a critical by-election. 
And Tories say defeat in true blue North Shropshire c… [+7635 chars]",Mirror Online
"{'id': None, 'name': 'Fast Company'}",Nate Berg,The U.K. lottery spent $330 million to help blighted communities rebuild. This is what happened,"The twist: the money is almost entirely strings-free, and communities decide themselves what to fund.
On the edge of a large grass sports field in the center of the village of Thurnscoe, north of Sheffield, England, construction has just started on what local…",https://www.fastcompany.com/90702440/the-u-k-lottery-spent-330-million-to-help-blighted-communities-rebuild-this-is-what-happened,"https://images.fastcompany.net/image/upload/w_1280,f_auto,q_auto,fl_lossy/wp-cms/uploads/2021/12/p-1-90702440-the-uk-lottery-spent-330-million-to.jpg",2021-12-14T05:00:29Z,"On the edge of a large grass sports field in the center of the village of Thurnscoe, north of Sheffield, England, construction has just started on what locals hope will be a new center of community a… [+13269 chars]",Fast Company
"{'id': None, 'name': 'The Guardian'}",Fiona Harvey Environment correspondent,"Solar parks could be used to boost bumblebee numbers, study suggests","Lancaster University researchers say sowing wildflowers alongside panels would have benefits for farmers who rely on pollinatorsSolar parks could provide habitats for wildlife – and particularly bumblebees – to flourish, if managed in the right way, benefitin…",https://amp.theguardian.com/environment/2021/dec/13/solar-parks-could-be-used-to-boost-bumblebee-numbers-study-suggests,https://i.guim.co.uk/img/media/c66e9e6ee894b1175bf3a49964163672c748049a/0_160_3500_2101/master/3500.jpg?width=1200&height=630&quality=85&auto=format&fit=crop&overlay-align=bottom%2Cleft&overlay-width=100p&overlay-base64=L2ltZy9zdGF0aWMvb3ZlcmxheXMvdGctZGVmYXVsdC5wbmc&enable=upscale&s=98117d4a9e817c1094135c71d3ab0d95,2021-12-13T07:00:02Z,"Solar parks could provide habitats for wildlife and particularly bumblebees to flourish, if managed in the right way, benefiting farmers and nature, new research suggests.
There are already 14,000 h… [+2880 chars]",The Guardian
"{'id': None, 'name': 'Yahoo Entertainment'}",DFDS A/S,Monthly volume report: UK bottlenecks easing slightly,Investor News no. 37 / 13 December 2021 Ferry – freight: Total volumes in November 2021 were 5.4% below 2020. Net adjustments for structural route changes...,https://finance.yahoo.com/news/monthly-volume-report-uk-bottlenecks-084500779.html,https://s.yimg.com/ny/api/res/1.2/PRfnzSfNZs4l533B.STtqw--/YXBwaWQ9aGlnaGxhbmRlcjt3PTEyMDA7aD00MTU-/https://s.yimg.com/uu/api/res/1.2/5UpiI1UMvvb2ZOxBpssb7w--~B/aD05NTA7dz0yNzQ4O2FwcGlkPXl0YWNoeW9u/https://media.zenfs.com/en/globenewswire.com/eb0782584d84691d73fa3e2429f38012,2021-12-13T08:45:00Z,"<table><tr><td>Investor News no. 37 / 13 December 2021
</td></tr><tr><td></td></tr>
</table>
Ferry freight: Total volumes in November 2021 were 5.4% below 2020. Net adjustments for structural rout… [+2827 chars]",Yahoo Entertainment
